"Tidsskrift id","Original tittel","Sist endret","Internasjonal tittel","Aktiv","Print ISSN","Online ISSN","Open Access","NPI Fagfelt","NPI Fagområde","Nivå 2024","Nivå 2023","Nivå 2022","Nivå 2021","Nivå 2020","Nivå 2019","Nivå 2018","Nivå 2017","Nivå 2016","Nivå 2015","Nivå 2014","Nivå 2013","Nivå 2012","Nivå 2011","Nivå 2010","Nivå 2009","Nivå 2008","Nivå 2007","Nivå 2006","Nivå 2005","Nivå 2004","Forlag id","Etablert år","Nedlagt år","Forlag","Utgiver","Utgiverland","Språk","Konferanserapport","Url"
"475425","Nonlinear Dynamics and Systems Theory","18-Aug-2023 13:56:25","Nonlinear Dynamics and Systems Theory","1","1562-8353","1813-7385","","Matematikk","Realfag og teknologi","","1","1","1","1","1","1","1","1","1","1","1","1","1","1","1","","","","","","","2001","","","InforMath Publishing Group","Ukraina","Engelsk","0","http://www.e-ndst.kiev.ua/index.htm"
"475426","The Yearbook of Polar Law","08-Jun-2023 11:42:57","The Yearbook of Polar Law","1","1876-8814","2211-6427","","Rettsvitenskap","Samfunnsvitenskap","","1","1","1","1","1","1","1","1","1","1","1","1","1","1","1","","","","","","18109","2009","","Brill Academic Publishers","","Nederland","Engelsk","0","http://booksandjournals.brillonline.com/content/journals/22116427"
"475427","Journal of Medical Imaging and Radiation Oncology (JMIRO)","18-Aug-2023 13:56:25","Journal of Medical Imaging and Radiation Oncology (JMIRO)","1","1754-9477","1754-9485","","Radiologi og billeddiagnostikk","Medisin og helsefag","","1","1","1","1","1","1","1","1","1","1","1","1","1","1","0","","","","","","","2008","","","Wiley-Blackwell Publishing Asia","Australia","Engelsk","0","https://onlinelibrary.wiley.com/journal/17549485"
"475428","Methodology: European Journal of Research Methods for the Behavioral and Social Sciences","18-Aug-2023 13:56:25","Methodology: European Journal of Research Methods for the Behavioral and Social Sciences","1","1614-1881","1614-2241","DOAJ","Psykologi","Medisin og helsefag","","1","1","1","1","1","1","1","1","1","1","1","1","1","1","1","","","","","","","2005","","","Hogrefe Publishing Corp.","USA","Engelsk","0","http://psycontent.metapress.com/content/120235"
"475430","Problemy Arktiki i Antarktiki","06-Jun-2023 12:22:29","Problems of the Arctic and Antarctic","1","0555-2648","","","Geovitenskap","Realfag og teknologi","","1","1","1","1","1","1","1","1","1","1","1","1","1","1","1","","","","","","","1959","","","Arctic and Antarctic Scientific Research Institute","Russland","Russisk","0","http://www.aari.ru/misc/publicat/paa.php"
"475431","Naistutkimus - Kvinnoforskning","15-Apr-2020 14:53:19","Naistutkimus - Kvinnoforskning","0","0784-3844","","","Kjønnsforskning","Samfunnsvitenskap","","","","","","1","1","1","1","1","1","1","1","1","1","0","","","","","","","1988","2013","","Suomen Naistutkimuksen Seura","Finland","Finsk","0","https://sukupuolentutkimus.fi/sukupuolentutkimus-lehti/"
"475432","Estudios y Perspectivas en Turismo","15-Aug-2023 13:31:38","Estudios y Perspectivas en Turismo","1","0327-5841","1851-1732","","Økonomisk-administrative fag","Samfunnsvitenskap","0","1","1","1","1","1","1","1","1","1","1","1","1","1","1","1","","","","","","","","","","Centro de Investigaciones y Estudios Turisticos","Argentina","Spansk","0","http://www.estudiosenturismo.com.ar/"
"475433","KINtop","06-Jun-2023 12:22:29","KINtop","1","1024-1906","","","Teatervitenskap og drama","Humaniora","","0","0","0","0","0","0","0","0","0","0","0","0","0","0","0","","","","","","18695","1992","","Stroemfeld Verlag","","Tyskland","Tysk","0","http://hsozkult.geschichte.hu-berlin.de/zeitschriften/ausgabe=2583"
"475434","Coleção CLE","06-Jun-2023 12:22:29","Coleção CLE","1","0103-3247","","","Filosofi","Humaniora","","1","1","1","1","1","1","1","1","1","1","1","1","1","1","1","","","","","","","1987","","","","Brasil","Portugisisk","0","http://www.cle.unicamp.br/principal/publicacoes/"
"475435","International Perspectives on Education and Society","18-Aug-2023 13:56:25","International Perspectives on Education and Society","1","1479-3679","","","Pedagogikk og utdanning","Samfunnsvitenskap","","1","1","1","1","1","1","1","1","1","1","1","1","1","1","1","","","","","","17801","1989","","Emerald Group Publishing Limited","","Storbritannia","Engelsk","0","http://info.emeraldinsight.com/products/books/series.htm?PHPSESSID=82dpppfik4sra6k7ndjhrvpua5&id=1479-3679"
"475436","Information Technologies","06-Jun-2023 12:22:29","Information Technologies","1","2029-0020","","","IKT","Realfag og teknologi","","1","1","1","1","1","1","1","1","1","1","1","1","1","1","1","","","","","","","2008","","","Technologija 2008","Litauen","Engelsk","1","http://isd.ktu.lt/it2009/"
"475437","IOP Conference Series: Earth and Environmental Science (EES)","18-Aug-2023 13:56:25","IOP Conference Series: Earth and Environmental Science (EES)","1","1755-1307","1755-1315","","Fysikk","Realfag og teknologi","","1","1","1","1","1","1","1","1","1","1","1","1","1","1","1","","","","","","18245","2008","","IOP Publishing","","Storbritannia","Engelsk","1","https://iopscience.iop.org/journal/1755-1315"
"475438","History of International Relations, Diplomacy and Intelligence","15-Aug-2023 13:31:38","History of International Relations, Diplomacy and Intelligence","1","1874-0294","","","Historie og Idéhistorie","Humaniora","0","1","1","1","1","1","1","1","1","1","1","1","1","1","1","1","","","","","","18314","2007","","Brill|Nijhoff","","Nederland","Engelsk","0","https://www.rolpub.com/index.php?osCsid=nn81s6aerf37fle4d0as17u6g3&cPath=22"
"475439","Leibniz International Proceedings in Informatics","18-Aug-2023 13:56:25","Leibniz International Proceedings in Informatics","1","","1868-8969","DOAJ","IKT","Realfag og teknologi","","1","1","1","1","1","1","1","1","1","1","1","1","1","1","1","","","","","","","2008","","","Schloss Dagstuhl, Leibniz-Zentrum für Informatik","Tyskland","Engelsk","1","http://www.dagstuhl.de/en/publications/lipics"
"475440","Advances in Intelligent and Soft Computing (AISC)","13-Aug-2019 09:37:17","Advances in Intelligent and Soft Computing (AISC)","0","1867-5662","1867-5670","","IKT","Realfag og teknologi","","","","","","","","","","","","","1","1","1","1","","","","","","22512","2009","2012","Springer","","Tyskland","Engelsk","0","http://www.springer.com/series/4240"
"475441","Empirical Approaches to Language Typology [EALT]","15-Aug-2023 13:31:38","Empirical Approaches to Language Typology [EALT]","1","0933-761X","","","Lingvistikk","Humaniora","0","1","1","1","1","1","1","1","1","1","1","1","1","1","1","1","","","","","","18335","1987","","De Gruyter Mouton","","Tyskland","Engelsk","0","https://www.degruyter.com/serial/EALT-B/html"
"475442","Journal of Mathematics Education","06-Jun-2023 12:22:29","Journal of Mathematics Education","1","1945-7502","1945-7448","","Matematikk","Realfag og teknologi","","1","1","1","1","1","1","1","1","1","1","1","1","1","1","1","","","","","","","2008","","","Education for All","USA","Engelsk","0","http://educationforatoz.com/journalofmatheducation.html"
"475443","International Journal of Emerging Markets","18-Aug-2023 13:56:25","International Journal of Emerging Markets","1","1746-8809","1746-8817","","Økonomisk-administrative fag","Samfunnsvitenskap","","1","1","1","1","1","1","1","1","1","1","1","1","1","1","1","","","","","","17801","2006","","Emerald Group Publishing Limited","","Storbritannia","Engelsk","0","http://info.emeraldinsight.com/products/journals/journals.htm?PHPSESSID=n5dc309lfsflndoo7rjcitog22&id=ijoem"
"475444","African Study Monographs","15-Aug-2023 13:31:38","African Study Monographs","1","0285-1601","","","Sosialantropologi","Samfunnsvitenskap","0","1","1","1","1","1","1","1","1","1","1","1","1","1","1","1","","","","","","","1981","","","Kyoto University, Center for African Area Studies","Japan","Engelsk","0","http://jambo.africa.kyoto-u.ac.jp/kiroku/contents_e.htm"
"475445","AeroSafety World","06-Jun-2023 12:22:29","AeroSafety World","1","1934-4015","1937-0830","","Tverrfaglig samfunnsforskning","Samfunnsvitenskap","","0","0","0","0","0","0","0","0","0","0","0","0","0","0","0","","","","","","","2006","","","Flight Safety Foundation","USA","Engelsk","0","http://flightsafety.org/aerosafety-world-magazine"
"475447","Journal of Media Psychology","18-Aug-2023 13:56:25","Journal of Media Psychology","1","1864-1105","2151-2388","","Psykologi","Medisin og helsefag","","1","1","1","1","1","1","1","1","1","1","1","1","1","1","1","","","","","","","1989","","","Hogrefe Verlag GmbH & Co. KG","Tyskland","Engelsk","0","https://us.hogrefe.com/products/journals/journal-of-media-psychology"
"475448","Histoire et Sociétés Rurales","18-Aug-2023 13:56:25","Histoire et Sociétés Rurales","1","1254-728X","1950-666X","","Historie og Idéhistorie","Humaniora","","1","1","1","1","1","1","1","1","1","1","1","1","1","1","1","","","","","","","1994","","","Association d'Histoire des Societes Rurales","Frankrike","Fransk","0","http://www.histoire-et-societes-rurales.org/revues-hsr.php"
"475449","ITG Fachberichte","06-Jun-2023 12:22:29","ITG Fachberichte","1","0932-6022","","","IKT","Realfag og teknologi","","1","1","1","1","1","1","1","1","1","1","1","1","1","1","1","","","","","","22899","1955","","VDE Verlag GmbH","","Tyskland","Tysk","1","http://NA"
"475450","Journal of the Institute of Conservation","18-Aug-2023 13:56:25","Journal of the Institute of Conservation","1","1945-5224","1945-5232","","Arkeologi og konservering","Humaniora","","1","1","1","1","1","1","1","1","1","1","1","1","1","1","1","","","","","","18402","2009","","Routledge","","Storbritannia","Engelsk","0","http://www.tandf.co.uk/journals/RCON"
"475451","Cahiers Agricultures","18-Aug-2023 13:56:25","Cahiers Agricultures","1","1166-7699","1777-5949","DOAJ","Biovitenskap","Realfag og teknologi","","1","1","1","1","1","1","1","1","1","1","1","1","1","1","0","","","","","","","1992","","","John Libbey Eurotext","Frankrike","Fransk","0","http://www.john-libbey-eurotext.fr/fr/revues/agro_biotech/agr/sommaire.md?cle_parution=972&type=text.html"
"475452","Archaeologia Medii Aevi Finlandiae","08-Jun-2023 11:42:57","Archaeologia Medii Aevi Finlandiae","1","1236-5882","","","Arkeologi og konservering","Humaniora","","0","0","0","0","0","0","0","0","0","0","0","0","0","0","0","","","","","","","1993","","","Suomen Keskiajan Arkeologian Seura","Finland","Flerspråklig","0","http://org.utu.fi/muut/skas/?page_id=41"
"475453","International Electronic Journal of Elementary Education","18-Aug-2023 13:56:25","International Electronic Journal of Elementary Education","1","","1307-9298","DOAJ","Pedagogikk og utdanning","Samfunnsvitenskap","","1","1","1","1","1","1","1","1","1","1","1","1","1","1","1","","","","","","","2008","","","T&K Academic Publishing","Tyrkia","Engelsk","0","http://www.iejee.com"
"475454","Journal of Individual Differences","18-Aug-2023 13:56:25","Journal of Individual Differences","1","1614-0001","2151-2299","","Psykologi","Medisin og helsefag","","1","1","1","1","1","1","1","1","1","1","1","1","1","1","1","","","","","","","2005","","","Hogrefe Publishing Corp.","Tyskland","Engelsk","0","https://us.hogrefe.com/products/journals/journal-of-individual-differences"
"475455","Journal of the Philosophy of History","18-Aug-2023 13:56:25","Journal of the Philosophy of History","1","1872-261X","1872-2636","","Historie og Idéhistorie","Humaniora","","1","1","1","1","1","1","1","1","1","1","1","1","1","1","1","","","","","","18109","2007","","Brill Academic Publishers","","Nederland","Engelsk","0","http://www.brill.nl/default.aspx?partid=212&pid=26321"
"475456","Women and Gender","06-Jun-2023 12:22:29","Women and Gender","1","1570-7628","","","Kjønnsforskning","Samfunnsvitenskap","","1","1","1","1","1","1","1","1","1","1","1","1","1","1","1","","","","","","18109","2002","","Brill Academic Publishers","","Nederland","Engelsk","0","http://www.brill.nl/default.aspx?partid=210&pid=11028"
"475458","Perspectives in Public Health","18-Aug-2023 13:56:25","Perspectives in Public Health","1","1757-9139","1757-9147","","Samfunnsmedisin","Medisin og helsefag","","1","1","1","1","1","1","1","1","1","1","1","1","1","1","1","","","","","","18411","2009","","Sage Publications","","Storbritannia","Engelsk","0","https://journals.sagepub.com/home/rsh"
"475459","International Journal of Secure Software Engineering (IJSSE)","26-May-2021 17:05:10","International Journal of Secure Software Engineering (IJSSE)","0","1947-3036","1947-3044","","IKT","Realfag og teknologi","","","","","1","1","1","1","1","1","1","1","1","1","1","1","","","","","","20555","2009","2017","IGI Global","","USA","Engelsk","0","http://www.igi-global.com/ijsse"
"475460","Lutheran Quarterly","08-Jun-2023 11:42:57","Lutheran Quarterly","1","0024-7499","2470-5616","","Teologi og religionsvitenskap","Humaniora","","1","1","1","1","1","1","1","1","","","","1","","","1","","","","","","","1949","","","Lutheran Quarterly, Inc.","USA","Engelsk","0","http://lutheranquarterly.com"
"475461","Diskurs Kindheits- und Jugendforschung","06-Jun-2023 12:22:29","Discourse. Journal of Childhood and Adolescence Research","1","1862-5002","2193-9713","","Pedagogikk og utdanning","Samfunnsvitenskap","","1","1","1","1","1","1","1","1","1","1","1","1","1","1","1","","","","","","23126","2006","","Verlag Barbara Budrich","","Tyskland","Tysk","0","https://www.budrich-journals.de/index.php/diskurs"
"475462","Journal of Criminal Justice Education","18-Aug-2023 13:56:25","Journal of Criminal Justice Education","1","1051-1253","1745-9117","","Statsvitenskap","Samfunnsvitenskap","","1","1","1","1","1","1","1","1","1","1","1","1","1","1","1","","","","","","18402","1990","","Routledge","","Storbritannia","Engelsk","0","http://www.tandf.co.uk/journals/titles/10511253.asp"
"475463","Northern Review","08-Jun-2023 11:42:57","Northern Review","1","0835-3433","1929-6657","","Statsvitenskap","Samfunnsvitenskap","","1","1","1","1","1","1","1","1","1","1","1","1","1","1","1","","","","","","","1988","","","Yukon College","Canada","Engelsk","0","http://www.yukoncollege.yk.ca/review"
"475464","International Real Estate Review","06-Jun-2023 12:22:29","International Real Estate Review","1","1029-6131","","","Økonomisk-administrative fag","Samfunnsvitenskap","","1","1","1","1","1","1","1","1","1","1","1","1","1","1","1","","","","","","","1998","","","Asian Real Estate Society","Hongkong","Engelsk","0","http://www.umac.mo/fba/irer/"
"475465","Jaen Journal on Approximation","18-Aug-2023 13:56:25","Jaen Journal on Approximation","1","1889-3066","1989-7251","","Matematikk","Realfag og teknologi","","1","1","1","1","1","1","1","1","1","1","1","1","1","1","1","","","","","","","2009","","","Universidad de Jaen","Spania","Engelsk","0","http://www.ujaen.es/revista/jja/"
"475466","International Journal of Sustainable Development and Planning (IJSDP)","18-Aug-2023 13:56:25","International Journal of Sustainable Development and Planning (IJSDP)","1","1743-7601","1743-761X","","Tverrfaglig teknologi","Realfag og teknologi","","1","1","1","1","1","1","1","1","1","1","1","1","1","1","1","","","","","","","2006","","","International Information and Engineering Technology Association (IIETA)","Storbritannia","Engelsk","0","http://www.iieta.org/Journals/IJSDP"
"475467","International Journal of Human Resources Development and Management","18-Aug-2023 13:56:25","International Journal of Human Resources Development and Management","1","1465-6612","1741-5160","","Økonomisk-administrative fag","Samfunnsvitenskap","","1","1","1","1","1","1","1","1","1","1","1","1","1","1","1","","","","","","17842","2000","","InderScience Publishers","","Storbritannia","Engelsk","0","http://www.inderscience.com/browse/index.php?journalCODE=ijhrdm"
"475468","Journal of Business Valuation and Economic Loss Analysis","18-Aug-2023 13:56:25","Journal of Business Valuation and Economic Loss Analysis","1","2194-5861","1932-9156","","Økonomisk-administrative fag","Samfunnsvitenskap","","1","1","1","1","1","1","1","1","1","1","1","1","1","1","1","","","","","","18335","2006","","De Gruyter Mouton","","Tyskland","Engelsk","0","http://www.degruyter.com/view/j/jbvela"
"475469","Organicom","15-Aug-2023 13:31:38","Organicom","1","1807-1236","2238-2593","DOAJ","Økonomisk-administrative fag","Samfunnsvitenskap","0","1","1","1","1","1","1","1","1","1","1","1","1","1","1","","","","","","","","2004","","","Universidade de São Paulo, Departamento de Relaçõe","Brasil","Portugisisk","0","http://www6.ufrgs.br/infotec/organicom.htm"
"475470","European Journal for Sport and Society (EJSS)","18-Aug-2023 13:56:25","European Journal for Sport and Society (EJSS)","1","1613-8171","2380-5919","","Idrettsforskning","Medisin og helsefag","","1","1","1","1","1","1","1","1","1","1","1","1","1","1","1","","","","","","18442","2004","","Taylor & Francis","","Tyskland, Storbritannia","Engelsk","0","https://www.tandfonline.com/toc/ress20/current"
"475471","International Journal of Engineering and Technology","06-Jun-2023 12:22:29","International Journal of Engineering and Technology","1","1793-8236","1793-8244","","Konstruksjonsfag","Realfag og teknologi","","0","0","0","0","0","0","1","1","1","1","1","1","1","1","1","","","","","","23180","2004","","International Association of Computer Science and Information Technology Press","","Singapore","Engelsk","0","http://www.ijetch.org/"
"475472","International Journal of Arts and Sciences","15-Aug-2023 13:31:38","International Journal of Arts and Sciences","1","1557-718X","1944-6934","","Pedagogikk og utdanning","Samfunnsvitenskap","0","1","1","1","1","1","1","1","1","1","1","1","1","1","1","1","","","","","","","2006","","","International Journal of Arts and Sciences, LLC","USA","Engelsk","0","http://www.internationaljournal.org/"
"475473","International Journal of Economics and Business Research","18-Aug-2023 13:56:25","International Journal of Economics and Business Research","1","1756-9850","1756-9869","","Økonomisk-administrative fag","Samfunnsvitenskap","","1","1","1","1","1","1","1","1","1","1","1","1","1","1","1","","","","","","17842","2009","","InderScience Publishers","","Storbritannia","Engelsk","0","http://www.inderscience.com/browse/index.php?journalID=310#objectives"
"475474","International Journal of Management and Network Economics","15-Aug-2023 13:31:38","International Journal of Management and Network Economics","1","1754-2316","1754-2324","","Økonomisk-administrative fag","Samfunnsvitenskap","0","1","1","1","1","1","1","1","1","1","1","1","1","1","1","1","","","","","","17842","2008","","InderScience Publishers","","Storbritannia","Engelsk","0","http://www.inderscience.com/browse/index.php?journalID=259#objectives"
"475475","International Journal of Strategic Engineering Asset Management (IJSEAM)","08-Jun-2023 11:39:34","International Journal of Strategic Engineering Asset Management (IJSEAM)","1","1759-9733","1759-9741","","Tverrfaglig teknologi","Realfag og teknologi","","1","1","1","1","1","1","1","1","1","1","1","1","1","1","1","","","","","","17842","2010","","InderScience Publishers","","Storbritannia","Engelsk","0","http://www.inderscience.com/browse/index.php?journalID=348#board"
"475476","International Journal of Cognitive Therapy","18-Aug-2023 13:56:25","International Journal of Cognitive Therapy","1","1937-1209","1937-1217","","Psykologi","Medisin og helsefag","","1","1","1","1","1","1","1","1","1","1","1","1","1","1","1","","","","","","22512","2008","","Springer","","USA","Engelsk","0","https://journals.sagepub.com/home/crj"
"475477","The Poster","06-Jun-2023 12:22:29","The Poster","1","2040-3704","2040-3712","","Medier og kommunikasjon","Humaniora","","1","1","1","1","1","1","1","1","1","1","1","1","1","1","1","","","","","","18252","2010","","Intellect Ltd.","","Storbritannia","Engelsk","0","http://www.intellectbooks.co.uk/journals/view-Journal,id=181/"
"475478","International Journal of Strategic Technology and Applications","15-Aug-2023 13:31:38","International Journal of Strategic Technology and Applications","1","1947-3095","1947-3109","","Økonomisk-administrative fag","Samfunnsvitenskap","0","1","1","1","1","1","1","1","1","1","1","1","1","1","1","1","","","","","","20555","2010","","IGI Global","","USA","Engelsk","0","http://www.igi-global.com/journals/details.asp?id=34409"
"475479","Bibliotheca Nordica","08-Jun-2023 11:42:57","Bibliotheca Nordica","1","1891-1315","","","Historie og Idéhistorie","Humaniora","","1","1","1","1","1","1","1","1","1","1","1","1","1","1","1","","","","","","18354","2009","","Novus Forlag","","Norge","Flerspråklig","0","http://www.novus.no"
"475480","Eurographics Workshop on Visual Computing for Biomedicine","06-Jun-2023 12:25:45","Eurographics Workshop on Visual Computing for Biomedicine","1","2070-5778","2070-5786","","IKT","Realfag og teknologi","","1","1","1","1","1","1","1","1","1","1","1","1","1","1","1","","","","","","","2008","","","Eurographics Association","Nederland","Engelsk","0","http://vcbm.org/"
"475481","International Journal of Digital Crime and Forensics","18-Aug-2023 13:56:25","International Journal of Digital Crime and Forensics","1","1941-6210","1941-6229","","IKT","Realfag og teknologi","","1","1","1","1","1","1","1","1","1","1","1","1","1","1","1","","","","","","20555","2008","","IGI Global","","USA","Engelsk","0","http://www.igi-global.com/journals/details.asp?id=7828"
"475482","Studies in Medieval and Reformation Traditions","18-Aug-2023 13:56:25","Studies in Medieval and Reformation Traditions","1","1573-4188","","","Teologi og religionsvitenskap","Humaniora","","1","1","1","1","2","2","2","2","2","2","2","2","2","1","1","","","","","","18109","2004","","Brill Academic Publishers","","Nederland","Engelsk","0","http://www.brill.nl"
"475484","Sai","15-Aug-2023 13:31:38","Sai","1","1975-7743","","","Historie og Idéhistorie","Humaniora","0","1","1","1","1","1","1","1","1","1","1","1","1","1","1","1","","","","","","","2006","","","Gugje han'gug munhag munhwa haghoe","Sør-Korea","Flerspråklig","0","http://www.koreanst.org"
"475485","Obesity Research and Clinical Practice","18-Aug-2023 13:56:25","Obesity Research and Clinical Practice","1","1871-403X","1878-0318","","Endokrinologi","Medisin og helsefag","","1","1","1","1","1","1","1","1","1","1","1","1","1","1","1","","","","","","","2007","","","Elsevier BV","Nederland","Engelsk","0","http://www.sciencedirect.com/science/journal/1871403X"
"475486","Journal of Multidisciplinary Healthcare","18-Aug-2023 13:56:25","Journal of Multidisciplinary Healthcare","1","","1178-2390","DOAJ","Samfunnsmedisin","Medisin og helsefag","","1","1","1","1","1","1","1","1","1","1","1","1","1","1","1","","","","","","","2008","","","Dove Medical Press Ltd.","Storbritannia","Engelsk","0","http://www.dovepress.com/articles.php?journal_id=7"
"475487","Journal of Humanities (JH)","15-Aug-2023 13:31:38","Journal of Humanities (JH)","1","1821-7079","","","Historie og Idéhistorie","Humaniora","0","1","1","1","1","1","1","1","1","1","1","1","1","1","1","1","","","","","","","2009","","","The University of Dodoma","Tanzania","Engelsk","0",""
"475488","African Diaspora","18-Aug-2023 13:56:25","African Diaspora","1","1872-5457","1872-5465","","Historie og Idéhistorie","Humaniora","","1","1","1","1","1","1","1","1","1","1","1","1","1","1","1","","","","","","18109","2008","","Brill Academic Publishers","","Nederland","Engelsk","0","http://www.brill.nl/afdi"
"475489","Datenschutz und Datensicherheit - DuD","08-Jun-2023 11:40:28","Datenschutz und Datensicherheit - DuD","1","1614-0702","1862-2607","","IKT","Realfag og teknologi","","0","0","0","0","0","0","0","0","0","0","0","0","0","0","0","","","","","","","1978","","","Vieweg und Teubner Verlag","Tyskland","Tysk","0","http://www.dud.de/"
"475490","The Female Spectator","06-Jun-2023 12:22:29","The Female Spectator","1","1746-8604","1746-8612","","Engelsk","Humaniora","","0","0","0","0","0","0","0","0","0","0","0","0","0","0","0","","","","","","","1996","","","Chawton House Library","Storbritannia","Engelsk","0","http://www.chawtonhouse.org"
"475491","AIS Transactions on Human-Computer Interaction","08-Jun-2023 11:39:34","AIS Transactions on Human-Computer Interaction","1","","1944-3900","","IKT","Realfag og teknologi","","1","1","1","1","1","1","1","1","1","1","1","1","1","1","1","","","","","","19958","2009","","Association for Information Systems (AIS)","","USA","Engelsk","0","http://aisel.aisnet.org/thci/"
"475492","Intervention: International Journal of Mental Health, Psychosocial Work and Counselling in Areas of Armed Conflict","18-Aug-2023 13:56:25","Intervention: International Journal of Mental Health, Psychosocial Work and Counselling in Areas of Armed Conflict","1","1571-8883","1872-1001","DOAJ","Psykologi","Medisin og helsefag","","1","1","1","1","1","1","1","1","1","1","1","1","1","1","1","","","","","","18299","2003","","Lippincott Williams & Wilkins","","Storbritannia","Engelsk","0","http://www.interventionjournal.com/index1.html"
"475493","Adaptation","18-Aug-2023 13:56:25","Adaptation","1","1755-0637","1755-0645","","Litteraturvitenskap","Humaniora","","1","1","1","1","1","1","1","1","1","1","1","1","1","1","1","","","","","","18364","2008","","Oxford University Press","","Storbritannia","Engelsk","0","http://adaptation.oxfordjournals.org/"
"475494","The TQM Journal","18-Aug-2023 13:56:25","The TQM Journal","1","1754-2731","1754-274X","","Økonomisk-administrative fag","Samfunnsvitenskap","","1","1","1","1","1","1","1","1","1","1","1","1","1","1","1","","","","","","17801","2008","","Emerald Group Publishing Limited","","Storbritannia","Engelsk","0","https://www.emerald.com/insight/publication/issn/1754-2731"
"475495","Ethics and Education","18-Aug-2023 13:56:25","Ethics and Education","1","1744-9642","1744-9650","","Filosofi","Humaniora","","1","1","1","1","1","1","1","1","1","1","1","1","1","1","1","","","","","","18402","2006","","Routledge","International Network of Philosophers of Education (INPE)","Storbritannia","Engelsk","0","http://www.tandfonline.com/toc/ceae20/current"
"475496","Religion & Human Rights","18-Aug-2023 13:56:25","Religion & Human Rights","1","1871-031X","1871-0328","","Tverrfaglig humanistisk forskning","Humaniora","","1","1","1","1","1","1","1","1","1","1","1","1","1","1","1","","","","","","18314","2006","","Brill|Nijhoff","","Nederland","Engelsk","0","http://booksandjournals.brillonline.com/content/journals/18710328"
"475497","International Journal of Economics and Accounting","15-Aug-2023 13:31:38","International Journal of Economics and Accounting","1","2041-868X","2041-8698","","Økonomisk-administrative fag","Samfunnsvitenskap","0","1","1","1","1","1","1","1","1","1","1","1","1","1","1","1","","","","","","17842","2010","","InderScience Publishers","","Storbritannia","Engelsk","0","http://www.inderscience.com/browse/index.php?journalCODE=ijea"
"475498","The British Journal of Visual Impairment","18-Aug-2023 13:56:25","The British Journal of Visual Impairment","1","0264-6196","1744-5809","","Sosialforskning","Samfunnsvitenskap","","1","1","1","1","1","1","1","1","1","1","1","1","1","1","1","","","","","","18411","1979","","Sage Publications","","Storbritannia","Engelsk","0","http://jvi.sagepub.com/"
"475499","Middle East Law and Governance","18-Aug-2023 13:56:25","Middle East Law and Governance","1","1876-3367","1876-3375","","Rettsvitenskap","Samfunnsvitenskap","","1","1","1","1","1","1","1","1","1","1","1","1","1","1","1","","","","","","18109","2009","","Brill Academic Publishers","","Nederland","Engelsk","0","http://booksandjournals.brillonline.com/content/journals/18763375"
"475501","IFIP Advances in Information and Communication Technology","18-Aug-2023 13:56:25","IFIP Advances in Information and Communication Technology","1","1868-4238","1868-422X","","IKT","Realfag og teknologi","","1","1","1","1","1","1","1","1","1","1","1","1","1","1","1","","","","","","22512","2009","","Springer","","Tyskland","Engelsk","1","http://www.springer.com/series/6102"
"475502","Procedia Computer Science","18-Aug-2023 13:56:25","Procedia Computer Science","1","","1877-0509","","IKT","Realfag og teknologi","","1","1","1","1","1","1","1","1","1","1","1","1","1","1","1","","","","","","","2009","","","Elsevier BV","Nederland","Engelsk","1","http://www.elsevier.com/wps/find/journaldescription.cws_home/719435/description#"
"475503","Pacific Asia Journal of the Association for Information Systems","18-Aug-2023 13:56:25","Pacific Asia Journal of the Association for Information Systems","1","1943-7536","1943-7544","","IKT","Realfag og teknologi","","1","1","1","1","1","1","1","1","1","1","1","1","1","1","1","","","","","","19958","2009","","Association for Information Systems (AIS)","","USA","Engelsk","0","http://aisel.aisnet.org/pajais/about.html"
"475504","International Journal of Design & Nature and Ecodynamics","18-Aug-2023 13:56:25","International Journal of Design & Nature and Ecodynamics","1","1755-7437","1755-7445","","Tverrfaglig humanistisk forskning","Humaniora","","1","1","1","1","1","1","1","1","1","1","1","1","1","1","1","","","","","","","2008","","","International Information and Engineering Technology Association (IIETA)","Storbritannia","Engelsk","0","http://www.iieta.org/Journals/IJDNE"
"475505","Journal of Chinese Overseas","18-Aug-2023 13:56:25","Journal of Chinese Overseas","1","1793-0391","1793-2548","","Sosiologi","Samfunnsvitenskap","","1","1","1","1","1","1","1","1","1","1","1","1","1","1","1","","","","","","18109","2005","","Brill Academic Publishers","","Nederland","Engelsk","0","http://www.brill.nl/jco"
"475506","Zoosymposia","06-Jun-2023 12:22:29","Zoosymposia","1","1178-9905","1178-9913","","Biovitenskap","Realfag og teknologi","","1","1","1","1","1","1","1","1","1","1","1","1","1","1","1","","","","","","19676","2008","","Magnolia Press","","New Zealand","Engelsk","0","http://www.mapress.com/zoosymposia/index.htm"
"475507","Asian Bioethics Review (ABR)","18-Aug-2023 13:56:25","Asian Bioethics Review (ABR)","1","1793-8759","1793-9453","","Filosofi","Humaniora","","1","1","1","1","1","1","1","1","1","1","1","1","1","1","1","","","","","","22512","2008","","Springer","","Singapore","Engelsk","0","https://www.springer.com/journal/41649"
"475509","International Journal of Performance Arts and Digital Media","18-Aug-2023 13:56:25","International Journal of Performance Arts and Digital Media","1","1479-4713","2040-0934","","Teatervitenskap og drama","Humaniora","","1","1","1","1","1","1","1","1","1","1","1","1","1","1","1","","","","","","18252","2005","","Intellect Ltd.","","Storbritannia","Engelsk","0","http://www.intellectbooks.co.uk/journals/view-Journal,id=120/"
"475510","Educational Journal of Living Theories EJOLTS","06-Jun-2023 12:22:29","Educational Journal of Living Theories EJOLTS","1","","2009-1788","DOAJ","Pedagogikk og utdanning","Samfunnsvitenskap","","1","1","1","1","1","1","1","1","1","1","1","1","1","1","1","","","","","","","2008","","","Educational Journal of Living Theories","Irland","Engelsk","0","http://ejolts.net"
"475511","International Journal of Business Excellence","18-Aug-2023 13:56:25","International Journal of Business Excellence","1","1756-0047","1756-0055","","Økonomisk-administrative fag","Samfunnsvitenskap","","1","1","1","1","1","1","1","1","1","1","1","1","1","1","1","","","","","","17842","2008","","InderScience Publishers","","Storbritannia","Engelsk","0","http://www.inderscience.com/browse/index.php?journalCODE=ijbex"
"475512","The New Economy","06-Jun-2023 12:22:29","The New Economy","1","1755-2230","","","Økonomisk-administrative fag","Samfunnsvitenskap","","0","0","0","0","0","0","0","0","0","0","0","0","0","0","0","","","","","","","2007","","","World News Media","Storbritannia","Engelsk","0","http://www.theneweconomy.com/"
"475513","Philosophy Compass","18-Aug-2023 13:56:25","Philosophy Compass","1","","1747-9991","","Filosofi","Humaniora","","1","1","1","1","1","1","1","1","1","1","1","1","1","1","1","","","","","","18270","2006","","John Wiley & Sons","","Storbritannia","Engelsk","0","https://onlinelibrary.wiley.com/journal/17479991"
"475515","Romanian Reports in Physics","18-Aug-2023 13:56:25","Romanian Reports in Physics","1","1221-1451","1841-8759","","Fysikk","Realfag og teknologi","","1","1","1","1","1","1","1","1","1","1","1","1","1","1","1","","","","","","","1950","","","Editura Academiei Romane","Romania","Engelsk","0","http://www.infim.ro/rrp/"
"475516","Bible and Theology in Africa","06-Jun-2023 12:22:29","Bible and Theology in Africa","1","1525-9846","","","Teologi og religionsvitenskap","Humaniora","","1","1","1","1","1","1","1","1","1","1","1","1","1","1","1","","","","","","18372","2001","","Peter Lang Publishing Group","","USA","Engelsk","0","http://www.peterlang.com/Index.cfm"
"475517","Spatial and Spatio-temporal Epidemiology","18-Aug-2023 13:56:25","Spatial and Spatio-temporal Epidemiology","1","1877-5845","1877-5853","","Samfunnsmedisin","Medisin og helsefag","","1","1","1","1","1","1","1","1","1","1","1","1","1","1","1","","","","","","18173","2009","","Elsevier","","Storbritannia","Engelsk","0","http://www.sciencedirect.com/science/journal/18775845"
"475518","East Central Europe","18-Aug-2023 13:56:25","East Central Europe","1","0094-3037","1876-3308","","Historie og Idéhistorie","Humaniora","","1","1","1","1","1","2","2","2","2","2","2","1","1","1","1","","","","","","","1974","","","Brill","Nederland","Engelsk","0","http://booksandjournals.brillonline.com/content/journals/18763308"
"475519","Scientific Annals of Computer Science","18-Aug-2023 13:56:25","Scientific Annals of Computer Science","1","1843-8121","2248-2695","DOAJ","IKT","Realfag og teknologi","","1","1","1","1","1","1","1","1","1","1","1","1","1","1","1","","","","","","","2007","","","Universitatea ""Al. I. Cuza"" din Iasi","Romania","Engelsk","0","http://www.info.uaic.ro/bin/view/Annals/"
"475520","Quasigroups And Related Systems","18-Aug-2023 13:56:25","Quasigroups And Related Systems","1","1561-2848","","","Matematikk","Realfag og teknologi","","1","1","1","1","1","1","1","1","1","1","1","1","1","1","1","","","","","","","1994","","","Academia de Stiinte a Moldovej, Institutul de Mate","Moldova","","0","http://www.quasigroups.eu/"
"475521","New Biotechnology","18-Aug-2023 13:56:25","New Biotechnology","1","1871-6784","1876-4347","DOAJ","Biovitenskap","Realfag og teknologi","","1","1","1","1","1","1","1","1","1","1","1","1","1","1","1","","","","","","","1983","","","Elsevier BV","Nederland","Engelsk","0","http://www.sciencedirect.com/science/journal/18716784"
"475522","Academy Journal","18-Aug-2023 13:56:25","Academy Journal","1","1736-6046","1736-7530","DOAJ","Matematikk","Realfag og teknologi","","1","1","1","1","1","1","1","1","1","1","1","1","1","1","1","","","","","","","2008","","","Open European Academy of Public Sciences","Estland","Engelsk","0","http://scopuseu.com/scopus/index.php/academy/index"
"475523","Republika","15-Aug-2023 13:31:38","Republika","1","0350-1337","","","Kulturvitenskap","Humaniora","0","1","1","1","1","1","1","1","1","1","1","1","1","1","1","0","","","","","","","1945","","","Republika","Kroatia","Kroatisk","0","http://www.ceeol.com/aspx/publicationdetails.aspx?publicationid=faaee53d-bf7c-4d6a-b76a-84b974bf947c"
"475524","NEMLA Italian Studies","15-Aug-2023 13:31:38","NEMLA Italian Studies","1","1087-6715","","","Litteraturvitenskap","Humaniora","0","1","1","1","1","1","1","1","1","1","1","1","1","1","1","1","","","","","","18824","1977","","Rutgers University","","USA","Engelsk","0","http://www.nemla.org/publications/nis/index.html"
"475525","trans-kom, Zeitschrift für Translationswissenschaft und Fachkommunikation","08-Jun-2023 11:42:57","trans-kom, Zeitschrift für Translationswissenschaft und Fachkommunikation","1","","1867-4844","","Tysk og nederlandsk","Humaniora","","1","1","1","1","1","1","1","1","1","1","1","1","1","1","1","","","","","","","2008","","","K. Schubert, Universität Hildesheim, Institut für ","Tyskland","Flerspråklig","0","http://www.trans-kom.eu"
"475526","Seoul Journal of Korean Studies","18-Aug-2023 13:56:25","Seoul Journal of Korean Studies","1","1225-0201","","","Historie og Idéhistorie","Humaniora","","1","1","1","1","1","1","1","1","1","1","1","1","1","1","1","","","","","","","1988","","","Seoul National University","Sør-Korea","Engelsk","0","http://kyujanggak.snu.ac.kr/kiks/board.do?m=05z02z02"
"475527","Discours, revue de linguistique, psycholinguistique et informatique","08-Jun-2023 11:39:34","Discours. A journal of linguistics, psycholinguistics and computational linguistics","1","","1963-1723","DOAJ","Lingvistikk","Humaniora","","1","1","1","1","1","1","1","1","1","1","1","1","1","1","1","","","","","","","2008","","","Presses universitaires de Caen","Frankrike","Flerspråklig","0","http://discours.revues.org/?lang=en"
"475528","Sociological Studies of Children and Youth","18-Aug-2023 13:56:25","Sociological Studies of Children and Youth","1","1537-4661","","","Sosiologi","Samfunnsvitenskap","","1","1","1","1","1","1","1","1","1","1","1","1","1","1","1","","","","","","","1986","","","JAI Press Inc.","USA","Engelsk","1","http://info.emeraldinsight.com/products/books/series.htm?id=1537-4661"
"475529","Psychoanalysis and History","08-Jun-2023 11:42:57","Psychoanalysis and History","1","1460-8235","1755-201X","","Filosofi","Humaniora","","1","1","1","1","1","1","1","1","1","1","1","1","1","1","1","","","","","","18159","1998","","Edinburgh University Press","","Storbritannia","Engelsk","0","http://www.euppublishing.com/journal/pah"
"475530","Algorithms","18-Aug-2023 13:56:25","Algorithms","1","","1999-4893","DOAJ","Matematikk","Realfag og teknologi","","1","1","1","1","1","1","1","1","1","1","1","1","1","1","1","","","","","","26778","2008","","MDPI","","Sveits","Engelsk","0","http://www.mdpi.com/journal/algorithms/"
"475531","Intelligent Information Management","06-Jun-2023 12:22:29","Intelligent Information Management","1","2150-8194","2150-8208","","IKT","Realfag og teknologi","","0","0","0","0","0","0","0","0","0","0","0","1","1","1","1","","","","","","22903","2009","","Scientific Research Publishing (SCIRP)","","USA","Engelsk","0","http://www.scirp.org/journal/iim/"
"475532","Journal of Automation, Mobile Robotics & Intelligent Systems","18-Aug-2023 13:56:25","Journal of Automation, Mobile Robotics & Intelligent Systems","1","1897-8649","2080-2145","","IKT","Realfag og teknologi","","1","1","1","1","1","1","1","1","1","1","1","1","1","1","1","","","","","","","2007","","","Industrial Research Institute for Automation & Measurements PIAP","Polen","Engelsk","0","http://www.jamris.org/"
